/*
SQLyog Enterprise v11.5 (64 bit)
MySQL - 8.0.15 : Database - lms
*********************************************************************
*/

/*!40101 SET NAMES utf8 */;

/*!40101 SET SQL_MODE=''*/;

/*!40014 SET @OLD_UNIQUE_CHECKS=@@UNIQUE_CHECKS, UNIQUE_CHECKS=0 */;
/*!40101 SET @OLD_SQL_MODE=@@SQL_MODE, SQL_MODE='NO_AUTO_VALUE_ON_ZERO' */;
/*!40111 SET @OLD_SQL_NOTES=@@SQL_NOTES, SQL_NOTES=0 */;
CREATE DATABASE /*!32312 IF NOT EXISTS*/`lms` /*!40100 DEFAULT CHARACTER SET utf8mb4 COLLATE utf8mb4_0900_ai_ci */;

/*Data for the table `tbl_books` */

insert  into `tbl_books`(`BOOK_ID`,`BOOK_NAME`,`AUTHOR_NAME`,`QUANTITY_AVAILABLE`,`QUANTITY_BORROWED`) values (1,'Harry Potter and the Philosophers Stone','J.K.Rowling',14,1),(2,'Harry Potter and the Chamber of Secrets','J.K.Rowling',17,0),(3,'Harry Potter and the Prisoner of Azkaban','J.K.Rowling',10,0),(5,'Harry Potter and Goblet of Fire','J.K.Rowling',25,0),(6,'Harry Potter and the Order of the Phoenix','J.K.Rowling',0,1),(7,'Harry Potter and the Half-Blood Prince','J.K.Rowling',15,0),(8,'Harry Potter and the Deathly Hallows','J.K.Rowling',1,0),(9,'The Great Gatsby','F. Scott Fitzgerald',1,0),(10,'To Kill a Mockingbird','Harper Lee',7,0),(11,'Jane Eyre','Charlotte Brontë',18,0),(12,'The Catcher in the Rye','J. D. Salinger',1,0),(13,'Moby Dick','Herman Melville',4,1),(14,'Little Woman','Louisa May Alcott',8,0),(16,'Ulysses','James Joyce',8,1),(17,'Madame Bovary','Gustave Flaubert',0,0),(18,'Wuthering Heights','Emily Brontë',5,0);

-- Data for the table `tbl_books_borrowed`

insert  into `tbl_books_borrowed`(`BOOK_BORROW_ID`,`BOOK_ID`,`BORROWER_ID`,`BORROWED_ON`,`DUE_DATE`,`RETURN_DATE`,`IS_RETURNED`) values (1,1,2,'2020-08-30 14:09:24','2020-09-09 14:09:24','2020-08-30 15:42:28',1),(2,2,2,'2020-08-30 14:09:24','2020-09-09 14:09:24','2020-08-30 15:42:29',1),(3,1,2,'2020-08-30 14:10:03','2020-09-09 14:10:03','2020-08-30 15:42:28',1),(4,2,2,'2020-08-30 14:10:03','2020-09-09 14:10:03','2020-08-30 15:42:29',1),(5,1,2,'2020-08-30 14:10:55','2020-09-09 14:10:55','2020-08-30 15:42:28',1),(6,2,2,'2020-08-30 14:10:55','2020-09-09 14:10:55','2020-08-30 15:42:29',1),(7,1,2,'2020-08-30 14:12:34','2020-09-09 14:12:34','2020-08-30 15:42:28',1),(8,2,2,'2020-08-30 14:12:34','2020-09-09 14:12:34','2020-08-30 15:42:29',1),(9,1,2,'2020-08-30 14:16:45','2020-09-09 14:16:45','2020-08-30 15:42:28',1),(10,2,2,'2020-08-30 14:16:45','2020-09-09 14:16:45','2020-08-30 15:42:29',1),(11,1,2,'2020-08-30 14:22:07','2020-09-09 14:22:07','2020-08-30 15:42:28',1),(12,2,2,'2020-08-30 14:22:07','2020-09-09 14:22:07','2020-08-30 15:42:29',1),(13,1,2,'2020-08-30 14:22:20','2020-09-09 14:22:20','2020-08-30 15:42:28',1),(14,2,2,'2020-08-30 14:22:20','2020-09-09 14:22:20','2020-08-30 15:42:29',1),(15,1,2,'2020-08-30 14:22:32','2020-09-09 14:22:32','2020-08-30 15:42:28',1),(16,2,2,'2020-08-30 14:22:32','2020-09-09 14:22:32','2020-08-30 15:42:29',1),(17,1,2,'2020-08-30 14:22:38','2020-09-09 14:22:38','2020-08-30 15:42:28',1),(18,2,2,'2020-08-30 14:22:38','2020-09-09 14:22:38','2020-08-30 15:42:29',1),(19,1,2,'2020-08-30 14:22:47','2020-09-09 14:22:47','2020-08-30 15:42:28',1),(20,2,2,'2020-08-30 14:22:47','2020-09-09 14:22:47','2020-08-30 15:42:29',1),(21,3,2,'2020-08-30 14:25:20','2020-09-09 14:25:20','2020-08-30 14:28:04',1),(22,5,2,'2020-08-30 14:25:20','2020-09-09 14:25:20','2020-08-30 14:25:40',1),(23,1,2,'2020-08-30 14:25:46','2020-09-09 14:25:46','2020-08-30 15:42:28',1),(24,2,2,'2020-08-30 14:25:46','2020-09-09 14:25:46','2020-08-30 15:42:29',1),(25,1,2,'2020-08-30 14:26:12','2020-09-09 14:26:12','2020-08-30 15:42:28',1),(26,2,2,'2020-08-30 14:26:12','2020-09-09 14:26:12','2020-08-30 15:42:29',1),(27,1,2,'2020-08-30 14:26:23','2020-09-09 14:26:23','2020-08-30 15:42:28',1),(28,2,2,'2020-08-30 14:26:23','2020-09-09 14:26:23','2020-08-30 15:42:29',1),(29,1,2,'2020-08-30 14:28:01','2020-09-09 14:28:01','2020-08-30 15:42:28',1),(30,3,2,'2020-08-30 14:28:01','2020-09-09 14:28:01','2020-08-30 14:28:04',1),(31,1,2,'2020-08-30 14:28:08','2020-09-09 14:28:08','2020-08-30 15:42:28',1),(32,2,2,'2020-08-30 14:28:08','2020-09-09 14:28:08','2020-08-30 15:42:29',1),(33,1,2,'2020-08-30 14:28:14','2020-09-09 14:28:14','2020-08-30 15:42:28',1),(34,2,2,'2020-08-30 14:28:14','2020-09-09 14:28:14','2020-08-30 15:42:29',1),(35,1,2,'2020-08-30 14:28:20','2020-09-09 14:28:20','2020-08-30 15:42:28',1),(36,2,2,'2020-08-30 14:28:20','2020-09-09 14:28:20','2020-08-30 15:42:29',1),(37,1,2,'2020-08-30 14:28:26','2020-09-09 14:28:26','2020-08-30 15:42:28',1),(38,2,2,'2020-08-30 14:28:26','2020-09-09 14:28:26','2020-08-30 15:42:29',1),(39,1,2,'2020-08-30 14:32:05','2020-09-09 14:32:05','2020-08-30 15:42:28',1),(40,2,2,'2020-08-30 14:32:05','2020-09-09 14:32:05','2020-08-30 15:42:29',1),(41,1,2,'2020-08-30 14:33:07','2020-09-09 14:33:07','2020-08-30 15:42:28',1),(42,2,2,'2020-08-30 14:33:07','2020-09-09 14:33:07','2020-08-30 15:42:29',1),(43,1,2,'2020-08-30 14:33:20','2020-09-09 14:33:20','2020-08-30 15:42:28',1),(44,2,2,'2020-08-30 14:33:20','2020-09-09 14:33:20','2020-08-30 15:42:29',1),(45,1,2,'2020-08-30 14:33:35','2020-09-09 14:33:35','2020-08-30 15:42:28',1),(46,2,2,'2020-08-30 14:33:35','2020-09-09 14:33:35','2020-08-30 15:42:29',1),(47,1,2,'2020-08-30 14:34:20','2020-09-09 14:34:20','2020-08-30 15:42:28',1),(48,2,2,'2020-08-30 14:34:20','2020-09-09 14:34:20','2020-08-30 15:42:29',1),(49,1,2,'2020-08-30 14:34:35','2020-09-09 14:34:35','2020-08-30 15:42:28',1),(50,2,2,'2020-08-30 14:34:35','2020-09-09 14:34:35','2020-08-30 15:42:29',1),(51,1,2,'2020-08-30 14:34:52','2020-09-09 14:34:52','2020-08-30 15:42:28',1),(52,2,2,'2020-08-30 14:34:52','2020-09-09 14:34:52','2020-08-30 15:42:29',1),(53,1,2,'2020-08-30 14:34:58','2020-09-09 14:34:58','2020-08-30 15:42:28',1),(54,2,2,'2020-08-30 14:34:58','2020-09-09 14:34:58','2020-08-30 15:42:29',1),(55,1,2,'2020-08-30 14:37:06','2020-09-09 14:37:06','2020-08-30 15:42:28',1),(56,2,2,'2020-08-30 14:37:06','2020-09-09 14:37:06','2020-08-30 15:42:29',1),(57,1,2,'2020-08-30 14:39:54','2020-09-09 14:39:54','2020-08-30 15:42:28',1),(58,1,2,'2020-08-30 14:41:13','2020-09-09 14:41:13','2020-08-30 15:42:28',1),(59,2,2,'2020-08-30 14:41:13','2020-09-09 14:41:13','2020-08-30 15:42:29',1),(60,1,2,'2020-08-30 14:45:38','2020-09-09 14:45:38','2020-08-30 15:42:28',1),(61,2,2,'2020-08-30 14:45:38','2020-09-09 14:45:38','2020-08-30 15:42:29',1),(62,1,2,'2020-08-30 14:48:10','2020-09-09 14:48:10','2020-08-30 15:42:28',1),(63,2,2,'2020-08-30 14:48:10','2020-09-09 14:48:10','2020-08-30 15:42:29',1),(64,1,2,'2020-08-30 14:49:40','2020-09-09 14:49:40','2020-08-30 15:42:28',1),(65,2,2,'2020-08-30 14:49:40','2020-09-09 14:49:40','2020-08-30 15:42:29',1),(66,1,2,'2020-08-30 14:54:50','2020-09-09 14:54:50','2020-08-30 15:42:28',1),(67,1,2,'2020-08-30 14:55:14','2020-09-09 14:55:14','2020-08-30 15:42:28',1),(68,2,2,'2020-08-30 14:55:14','2020-09-09 14:55:14','2020-08-30 15:42:29',1),(69,1,2,'2020-08-30 14:55:43','2020-09-09 14:55:43','2020-08-30 15:42:28',1),(70,2,2,'2020-08-30 14:55:43','2020-09-09 14:55:43','2020-08-30 15:42:29',1),(71,1,2,'2020-08-30 14:56:48','2020-09-09 14:56:48','2020-08-30 15:42:28',1),(72,2,2,'2020-08-30 14:56:48','2020-09-09 14:56:48','2020-08-30 15:42:29',1),(73,1,2,'2020-08-30 14:59:03','2020-09-09 14:59:03','2020-08-30 15:42:28',1),(74,2,2,'2020-08-30 14:59:03','2020-09-09 14:59:03','2020-08-30 15:42:29',1),(75,1,2,'2020-08-30 14:59:10','2020-09-09 14:59:10','2020-08-30 15:42:28',1),(76,2,2,'2020-08-30 14:59:10','2020-09-09 14:59:10','2020-08-30 15:42:29',1),(77,1,2,'2020-08-30 14:59:16','2020-09-09 14:59:16','2020-08-30 15:42:28',1),(78,2,2,'2020-08-30 14:59:16','2020-09-09 14:59:16','2020-08-30 15:42:29',1),(79,1,2,'2020-08-30 14:59:24','2020-09-09 14:59:24','2020-08-30 15:42:28',1),(80,2,2,'2020-08-30 14:59:24','2020-09-09 14:59:24','2020-08-30 15:42:29',1),(81,1,2,'2020-08-30 14:59:31','2020-09-09 14:59:31','2020-08-30 15:42:28',1),(82,2,2,'2020-08-30 14:59:31','2020-09-09 14:59:31','2020-08-30 15:42:29',1),(83,1,2,'2020-08-30 14:59:38','2020-09-09 14:59:38','2020-08-30 15:42:28',1),(84,2,2,'2020-08-30 14:59:38','2020-09-09 14:59:38','2020-08-30 15:42:29',1),(85,1,2,'2020-08-30 14:59:44','2020-09-09 14:59:44','2020-08-30 15:42:28',1),(86,2,2,'2020-08-30 14:59:44','2020-09-09 14:59:44','2020-08-30 15:42:29',1),(87,1,2,'2020-08-30 14:59:51','2020-09-09 14:59:51','2020-08-30 15:42:28',1),(88,2,2,'2020-08-30 14:59:51','2020-09-09 14:59:51','2020-08-30 15:42:29',1),(89,1,2,'2020-08-30 15:42:51','2020-09-09 15:42:51',NULL,0),(90,6,2,'2020-08-30 15:52:15','2020-09-09 15:52:15',NULL,0),(91,16,3,'2020-08-30 15:57:12','2020-09-09 15:57:12',NULL,0),(92,13,3,'2020-08-30 15:57:12','2020-09-09 15:57:12',NULL,0);

/*Data for the table `tbl_role` */

insert  into `tbl_role`(`ROLE_ID`,`ROLE_NAME`) values (1,'LIBRARIAN'),(2,'BORROWER');

/*Data for the table `tbl_user_credentials` */

insert  into `tbl_user_credentials`(`USER_ID`,`USER_NAME`,`PASSWORD`,`ROLE_ID`,`LAST_LOGIN`,`LAST_LOGOUT`) values (1,'librarian','Password123',1,'2020-08-30 17:31:10','2020-08-30 17:37:07'),(2,'borrower','Password123',2,'2020-08-30 15:56:32','2020-08-30 15:56:44'),(3,'borrower2','Password123',2,'2020-08-30 15:56:54','2020-08-30 15:58:04');

/*Data for the table `tbl_user_profile` */

insert  into `tbl_user_profile`(`USER_ID`,`FIRST_NAME`,`MIDDLE_NAME`,`LAST_NAME`,`MOBILE_NO`,`ADDRESS`) values (1,'Librarian',NULL,'profile','9876543210','somewhere'),(2,'Borrower',NULL,'profile','9876543210','someehere'),(3,'Borrower2',NULL,'profile','9876543210','here');

/*!40101 SET SQL_MODE=@OLD_SQL_MODE */;
/*!40014 SET UNIQUE_CHECKS=@OLD_UNIQUE_CHECKS */;
/*!40111 SET SQL_NOTES=@OLD_SQL_NOTES */;
